employeeNrp,trainingName,completionDate,status
UAT0001,Leadership Program 1,2025-03-10,On Going
UAT0002,Leadership Program 2,2023-01-10,Failed
UAT0003,Leadership Program 1,2023-06-10,Failed
UAT0004,Leadership Program 1,2024-09-10,Promoted
UAT0005,Leadership Program 1,2023-07-10,On Going
UAT0006,Leadership Program 1,2023-01-10,Completed
UAT0007,Leadership Program 3,2025-06-10,Completed
UAT0008,Leadership Program 2,2024-08-10,On Going
UAT0009,Leadership Program 1,2023-07-10,Failed
UAT0011,Leadership Program 1,2023-09-10,Failed
UAT0012,Leadership Program 1,2023-08-10,Failed
UAT0013,Leadership Program 1,2023-06-10,Completed
UAT0014,Leadership Program 3,2025-03-10,Failed
UAT0015,Leadership Program 1,2023-02-10,Promoted
UAT0016,Leadership Program 1,2025-07-10,On Going
UAT0017,Leadership Program 1,2025-06-10,Completed
UAT0018,Leadership Program 2,2024-01-10,On Going
UAT0019,Leadership Program 1,2025-02-10,Promoted
UAT0021,Leadership Program 2,2024-03-10,Failed
UAT0022,Leadership Program 1,2025-06-10,Failed
UAT0023,Leadership Program 3,2025-05-10,Failed
UAT0024,Leadership Program 1,2024-05-10,Failed
UAT0025,Leadership Program 3,2024-05-10,Failed
UAT0026,Leadership Program 3,2023-05-10,Failed
UAT0027,Leadership Program 2,2023-08-10,Completed
UAT0028,Leadership Program 1,2025-02-10,Completed
UAT0029,Leadership Program 3,2025-09-10,Completed
UAT0031,Leadership Program 1,2025-08-10,Completed
UAT0032,Leadership Program 1,2023-05-10,On Going
UAT0033,Leadership Program 2,2024-04-10,Promoted
UAT0034,Leadership Program 3,2024-05-10,On Going
UAT0035,Leadership Program 1,2025-06-10,Completed
UAT0036,Leadership Program 2,2024-02-10,Promoted
UAT0037,Leadership Program 3,2025-05-10,Promoted
UAT0038,Leadership Program 2,2025-03-10,Promoted
UAT0039,Leadership Program 3,2025-08-10,Completed
UAT0041,Leadership Program 3,2024-09-10,Promoted
UAT0042,Leadership Program 3,2025-05-10,Completed
UAT0043,Leadership Program 3,2023-09-10,Failed
UAT0044,Leadership Program 2,2025-03-10,On Going
UAT0045,Leadership Program 2,2025-07-10,Failed
UAT0046,Leadership Program 2,2023-01-10,Failed
UAT0047,Leadership Program 2,2025-02-10,Failed
UAT0048,Leadership Program 2,2024-04-10,On Going
UAT0049,Leadership Program 2,2023-04-10,Completed
UAT0051,Leadership Program 2,2025-06-10,On Going
UAT0052,Leadership Program 3,2025-08-10,Failed
UAT0053,Leadership Program 2,2024-03-10,On Going
UAT0054,Leadership Program 2,2024-02-10,Promoted
UAT0055,Leadership Program 2,2025-04-10,Promoted
UAT0056,Leadership Program 2,2025-06-10,Failed
UAT0057,Leadership Program 1,2024-08-10,Promoted
UAT0058,Leadership Program 2,2025-04-10,Failed
UAT0059,Leadership Program 3,2025-08-10,Failed
UAT0061,Leadership Program 3,2024-02-10,Completed
UAT0062,Leadership Program 2,2025-06-10,On Going
UAT0063,Leadership Program 1,2025-07-10,Promoted
UAT0064,Leadership Program 2,2023-07-10,Completed
UAT0065,Leadership Program 1,2024-06-10,Promoted
UAT0066,Leadership Program 2,2025-05-10,Failed
UAT0067,Leadership Program 2,2024-09-10,Failed
UAT0068,Leadership Program 2,2023-01-10,Promoted
UAT0069,Leadership Program 3,2025-07-10,Failed
UAT0071,Leadership Program 1,2025-09-10,Failed
UAT0072,Leadership Program 1,2024-05-10,Promoted
UAT0073,Leadership Program 3,2024-07-10,Promoted
UAT0074,Leadership Program 1,2024-09-10,Failed
UAT0075,Leadership Program 3,2025-04-10,Failed
UAT0076,Leadership Program 3,2024-04-10,Completed
UAT0077,Leadership Program 2,2025-01-10,On Going
UAT0078,Leadership Program 2,2025-05-10,Failed
UAT0079,Leadership Program 2,2024-07-10,Completed
UAT0081,Leadership Program 1,2024-07-10,Failed
UAT0082,Leadership Program 3,2023-05-10,Promoted
UAT0083,Leadership Program 1,2025-02-10,Promoted
UAT0084,Leadership Program 2,2023-09-10,On Going
UAT0085,Leadership Program 1,2025-04-10,On Going
UAT0086,Leadership Program 2,2023-09-10,Promoted
UAT0087,Leadership Program 3,2024-05-10,Completed
UAT0088,Leadership Program 3,2025-08-10,On Going
UAT0089,Leadership Program 2,2025-08-10,On Going
UAT0091,Leadership Program 1,2023-05-10,On Going
UAT0092,Leadership Program 3,2025-06-10,Completed
UAT0093,Leadership Program 1,2023-07-10,On Going
UAT0094,Leadership Program 2,2024-08-10,On Going
UAT0095,Leadership Program 2,2023-01-10,Failed
UAT0096,Leadership Program 1,2025-03-10,Completed
UAT0097,Leadership Program 1,2023-04-10,Promoted
UAT0098,Leadership Program 1,2023-09-10,On Going
UAT0099,Leadership Program 2,2025-09-10,Completed
UAT0101,Leadership Program 3,2024-05-10,Completed
UAT0102,Leadership Program 1,2024-04-10,Completed
UAT0103,Leadership Program 2,2025-08-10,Completed
UAT0104,Leadership Program 1,2024-04-10,Failed
UAT0105,Leadership Program 3,2024-06-10,On Going
UAT0106,Leadership Program 2,2023-06-10,Failed
UAT0107,Leadership Program 1,2023-05-10,Promoted
UAT0108,Leadership Program 2,2025-09-10,Promoted
UAT0109,Leadership Program 1,2025-01-10,Promoted
UAT0111,Leadership Program 3,2025-03-10,On Going
UAT0112,Leadership Program 3,2023-08-10,Failed
UAT0113,Leadership Program 1,2025-04-10,On Going
UAT0114,Leadership Program 2,2023-03-10,Failed
UAT0115,Leadership Program 1,2025-07-10,Failed
UAT0116,Leadership Program 3,2024-03-10,Completed
UAT0117,Leadership Program 2,2024-06-10,Failed
UAT0118,Leadership Program 2,2023-02-10,On Going
UAT0119,Leadership Program 1,2024-05-10,Failed
UAT0121,Leadership Program 2,2025-07-10,Completed
UAT0122,Leadership Program 3,2024-04-10,Promoted
UAT0123,Leadership Program 3,2023-09-10,Failed
UAT0124,Leadership Program 3,2023-02-10,On Going
UAT0125,Leadership Program 2,2025-05-10,Failed
UAT0126,Leadership Program 2,2023-04-10,Promoted
UAT0127,Leadership Program 3,2023-05-10,Promoted
UAT0128,Leadership Program 3,2023-02-10,Completed
UAT0129,Leadership Program 1,2024-04-10,Promoted
UAT0131,Leadership Program 2,2025-02-10,On Going
UAT0132,Leadership Program 2,2025-04-10,Completed
UAT0133,Leadership Program 3,2025-03-10,Completed
UAT0134,Leadership Program 2,2025-04-10,Promoted
UAT0135,Leadership Program 2,2024-09-10,Failed
UAT0136,Leadership Program 3,2023-08-10,Completed
UAT0137,Leadership Program 3,2024-08-10,Completed
UAT0138,Leadership Program 3,2025-02-10,Completed
UAT0139,Leadership Program 2,2023-08-10,Failed
UAT0141,Leadership Program 3,2025-02-10,Completed
UAT0142,Leadership Program 1,2024-04-10,Completed
UAT0143,Leadership Program 3,2023-06-10,Failed
UAT0144,Leadership Program 1,2024-06-10,Failed
UAT0145,Leadership Program 3,2025-03-10,Completed
UAT0146,Leadership Program 3,2024-04-10,On Going
UAT0147,Leadership Program 1,2024-03-10,Failed
UAT0148,Leadership Program 1,2025-09-10,Completed
UAT0149,Leadership Program 1,2024-04-10,On Going
UAT0151,Leadership Program 2,2024-07-10,Promoted
UAT0152,Leadership Program 3,2025-02-10,Completed
UAT0153,Leadership Program 2,2023-02-10,Failed
UAT0154,Leadership Program 2,2025-05-10,Completed
UAT0155,Leadership Program 2,2023-05-10,Failed
UAT0156,Leadership Program 3,2025-03-10,Failed
UAT0157,Leadership Program 3,2023-07-10,Failed
UAT0158,Leadership Program 2,2024-09-10,Promoted
UAT0159,Leadership Program 2,2025-06-10,Failed
UAT0161,Leadership Program 2,2023-06-10,Promoted
UAT0162,Leadership Program 2,2023-09-10,Completed
UAT0163,Leadership Program 3,2024-09-10,On Going
UAT0164,Leadership Program 1,2025-09-10,On Going
UAT0165,Leadership Program 1,2023-06-10,Failed
UAT0166,Leadership Program 2,2025-06-10,Failed
UAT0167,Leadership Program 1,2024-01-10,Promoted
UAT0168,Leadership Program 3,2025-01-10,On Going
UAT0169,Leadership Program 2,2024-02-10,Promoted
UAT0171,Leadership Program 2,2024-02-10,Failed
UAT0172,Leadership Program 1,2024-04-10,Failed
UAT0173,Leadership Program 2,2023-02-10,Promoted
UAT0174,Leadership Program 1,2024-08-10,Promoted
UAT0175,Leadership Program 3,2023-05-10,Promoted
UAT0176,Leadership Program 1,2023-06-10,Promoted
UAT0177,Leadership Program 2,2024-04-10,Completed
UAT0178,Leadership Program 2,2025-07-10,On Going
UAT0179,Leadership Program 2,2023-06-10,Promoted
UAT0181,Leadership Program 3,2025-01-10,Promoted
UAT0182,Leadership Program 3,2023-07-10,Promoted
UAT0183,Leadership Program 2,2025-07-10,On Going
UAT0184,Leadership Program 2,2025-07-10,Failed
UAT0185,Leadership Program 1,2024-01-10,Completed
UAT0186,Leadership Program 2,2024-09-10,Failed
UAT0187,Leadership Program 2,2024-08-10,On Going
UAT0188,Leadership Program 3,2024-06-10,Failed
UAT0189,Leadership Program 3,2023-06-10,Promoted
UAT0191,Leadership Program 1,2023-02-10,Failed
UAT0192,Leadership Program 2,2023-02-10,Completed
UAT0193,Leadership Program 3,2024-03-10,On Going
UAT0194,Leadership Program 1,2024-08-10,On Going
UAT0195,Leadership Program 3,2025-02-10,Promoted
UAT0196,Leadership Program 3,2025-02-10,Promoted
UAT0197,Leadership Program 3,2023-02-10,On Going
UAT0198,Leadership Program 3,2025-07-10,Promoted
UAT0199,Leadership Program 2,2025-09-10,Failed
UAT0201,Leadership Program 3,2024-06-10,Promoted
UAT0202,Leadership Program 1,2023-07-10,Promoted
UAT0203,Leadership Program 3,2024-02-10,Failed
UAT0204,Leadership Program 1,2024-02-10,Failed
UAT0205,Leadership Program 2,2024-06-10,Promoted
UAT0206,Leadership Program 1,2025-07-10,Promoted
UAT0207,Leadership Program 2,2025-06-10,Completed
UAT0208,Leadership Program 1,2025-02-10,Failed
UAT0209,Leadership Program 3,2025-06-10,Promoted
UAT0211,Leadership Program 1,2025-08-10,On Going
UAT0212,Leadership Program 3,2025-02-10,Promoted
UAT0213,Leadership Program 2,2025-09-10,Completed
UAT0214,Leadership Program 2,2025-06-10,Failed
UAT0215,Leadership Program 2,2024-06-10,Promoted
UAT0216,Leadership Program 3,2024-08-10,Promoted
UAT0217,Leadership Program 1,2024-01-10,Promoted
UAT0218,Leadership Program 2,2024-08-10,Completed
UAT0219,Leadership Program 2,2024-05-10,On Going
UAT0221,Leadership Program 1,2024-01-10,Completed
UAT0222,Leadership Program 2,2025-02-10,Promoted
UAT0223,Leadership Program 1,2025-07-10,On Going
UAT0224,Leadership Program 2,2025-03-10,On Going
UAT0225,Leadership Program 1,2023-06-10,Failed
UAT0226,Leadership Program 2,2025-07-10,On Going
UAT0227,Leadership Program 2,2024-08-10,Failed
UAT0228,Leadership Program 1,2023-01-10,Failed
UAT0229,Leadership Program 3,2023-05-10,Failed
UAT0231,Leadership Program 1,2025-03-10,Completed
UAT0232,Leadership Program 3,2024-04-10,Failed
UAT0233,Leadership Program 3,2023-03-10,Completed
UAT0234,Leadership Program 2,2024-01-10,Promoted
UAT0235,Leadership Program 3,2025-09-10,On Going
UAT0236,Leadership Program 1,2025-09-10,Completed
UAT0237,Leadership Program 2,2023-09-10,Completed
UAT0238,Leadership Program 3,2025-01-10,On Going
UAT0239,Leadership Program 1,2024-05-10,Promoted
UAT0241,Leadership Program 3,2024-07-10,Promoted
UAT0242,Leadership Program 1,2024-08-10,Completed
UAT0243,Leadership Program 1,2023-05-10,Promoted
UAT0244,Leadership Program 2,2025-04-10,Promoted
UAT0245,Leadership Program 3,2025-03-10,Failed
UAT0246,Leadership Program 1,2025-05-10,Completed
UAT0247,Leadership Program 2,2023-08-10,Promoted
UAT0248,Leadership Program 1,2025-05-10,Failed
UAT0249,Leadership Program 2,2023-01-10,Promoted
UAT0251,Leadership Program 3,2023-08-10,On Going
UAT0252,Leadership Program 3,2024-03-10,Promoted
UAT0253,Leadership Program 1,2023-08-10,Failed
UAT0254,Leadership Program 1,2025-05-10,Failed
UAT0255,Leadership Program 1,2025-02-10,Completed
UAT0256,Leadership Program 1,2025-07-10,Promoted
UAT0257,Leadership Program 1,2023-01-10,Promoted
UAT0258,Leadership Program 2,2024-02-10,Failed
UAT0259,Leadership Program 2,2025-04-10,Completed
UAT0261,Leadership Program 2,2024-08-10,Promoted
UAT0262,Leadership Program 2,2025-04-10,Completed
UAT0263,Leadership Program 1,2024-05-10,Failed
UAT0264,Leadership Program 1,2025-03-10,Completed
UAT0265,Leadership Program 3,2024-04-10,On Going
UAT0266,Leadership Program 1,2024-09-10,Failed
UAT0267,Leadership Program 1,2025-03-10,Failed
UAT0268,Leadership Program 1,2024-09-10,On Going
UAT0269,Leadership Program 3,2024-05-10,Failed
UAT0271,Leadership Program 3,2025-03-10,On Going
UAT0272,Leadership Program 3,2025-03-10,Failed
UAT0273,Leadership Program 2,2024-02-10,Failed
UAT0274,Leadership Program 1,2024-03-10,Failed
UAT0275,Leadership Program 2,2024-09-10,On Going
UAT0276,Leadership Program 2,2023-08-10,Failed
UAT0277,Leadership Program 3,2023-02-10,On Going
UAT0278,Leadership Program 1,2025-04-10,Completed
UAT0279,Leadership Program 3,2024-08-10,Promoted
UAT0281,Leadership Program 1,2023-03-10,Promoted
UAT0282,Leadership Program 1,2025-01-10,Promoted
UAT0283,Leadership Program 2,2024-09-10,Promoted
UAT0284,Leadership Program 3,2023-08-10,Failed
UAT0285,Leadership Program 1,2024-02-10,Promoted
UAT0286,Leadership Program 2,2024-03-10,Completed
UAT0287,Leadership Program 1,2025-05-10,Failed
UAT0288,Leadership Program 2,2023-02-10,Completed
UAT0289,Leadership Program 1,2023-06-10,On Going
UAT0291,Leadership Program 3,2024-05-10,Completed
UAT0292,Leadership Program 2,2025-07-10,On Going
UAT0293,Leadership Program 2,2025-04-10,Failed
UAT0294,Leadership Program 1,2024-02-10,Failed
UAT0295,Leadership Program 3,2023-04-10,Promoted
UAT0296,Leadership Program 3,2025-09-10,Failed
UAT0297,Leadership Program 1,2024-05-10,Promoted
UAT0298,Leadership Program 1,2024-05-10,Failed
UAT0299,Leadership Program 3,2023-06-10,On Going
UAT0301,Leadership Program 1,2023-06-10,On Going
UAT0302,Leadership Program 3,2024-05-10,On Going
UAT0303,Leadership Program 2,2024-06-10,On Going
UAT0304,Leadership Program 1,2023-07-10,Promoted
UAT0305,Leadership Program 3,2024-03-10,Promoted
UAT0306,Leadership Program 2,2025-04-10,Failed
UAT0307,Leadership Program 3,2025-04-10,On Going
UAT0308,Leadership Program 2,2024-08-10,Promoted
UAT0309,Leadership Program 1,2025-04-10,Completed
UAT0311,Leadership Program 1,2023-03-10,Failed
UAT0312,Leadership Program 1,2025-03-10,Completed
UAT0313,Leadership Program 2,2025-07-10,Promoted
UAT0314,Leadership Program 1,2025-02-10,Promoted
UAT0315,Leadership Program 3,2025-04-10,Completed
UAT0316,Leadership Program 3,2023-04-10,Promoted
UAT0317,Leadership Program 1,2023-08-10,On Going
UAT0318,Leadership Program 1,2025-01-10,Promoted
UAT0319,Leadership Program 2,2025-02-10,Promoted
UAT0321,Leadership Program 2,2023-05-10,Promoted
UAT0322,Leadership Program 1,2025-03-10,Completed
UAT0323,Leadership Program 1,2024-07-10,Failed
UAT0324,Leadership Program 3,2023-08-10,On Going
UAT0325,Leadership Program 1,2024-04-10,Failed
UAT0326,Leadership Program 1,2023-01-10,Failed
UAT0327,Leadership Program 1,2025-04-10,On Going
UAT0328,Leadership Program 2,2025-03-10,On Going
UAT0329,Leadership Program 3,2025-04-10,Failed
UAT0331,Leadership Program 2,2025-09-10,Promoted
UAT0332,Leadership Program 2,2024-01-10,Failed
UAT0333,Leadership Program 2,2023-08-10,Completed
UAT0334,Leadership Program 1,2024-04-10,On Going
UAT0335,Leadership Program 3,2024-04-10,Promoted
UAT0336,Leadership Program 2,2025-07-10,Completed
UAT0337,Leadership Program 2,2023-08-10,Failed
UAT0338,Leadership Program 1,2023-01-10,Completed
UAT0339,Leadership Program 3,2024-01-10,Failed
UAT0341,Leadership Program 3,2024-02-10,On Going
UAT0342,Leadership Program 2,2024-05-10,Promoted
UAT0343,Leadership Program 1,2023-09-10,Failed
UAT0344,Leadership Program 2,2025-03-10,Failed
UAT0345,Leadership Program 1,2023-05-10,Failed
UAT0346,Leadership Program 3,2023-09-10,Promoted
UAT0347,Leadership Program 2,2024-07-10,Promoted
UAT0348,Leadership Program 3,2025-09-10,On Going
UAT0349,Leadership Program 1,2025-07-10,Completed
UAT0351,Leadership Program 3,2023-02-10,Completed
UAT0352,Leadership Program 3,2023-02-10,Promoted
UAT0353,Leadership Program 1,2025-07-10,Completed
UAT0354,Leadership Program 1,2025-03-10,On Going
UAT0355,Leadership Program 3,2024-09-10,On Going
UAT0356,Leadership Program 2,2024-05-10,Promoted
UAT0357,Leadership Program 3,2025-07-10,Failed
UAT0358,Leadership Program 3,2024-08-10,Failed
UAT0359,Leadership Program 2,2023-05-10,Completed
UAT0361,Leadership Program 1,2023-07-10,Failed
UAT0362,Leadership Program 2,2023-04-10,On Going
UAT0363,Leadership Program 3,2025-07-10,Completed
UAT0364,Leadership Program 1,2023-07-10,Promoted
UAT0365,Leadership Program 2,2023-01-10,Failed
UAT0366,Leadership Program 2,2025-02-10,On Going
UAT0367,Leadership Program 1,2024-01-10,On Going
UAT0368,Leadership Program 3,2023-03-10,Completed
UAT0369,Leadership Program 1,2025-09-10,Promoted
UAT0371,Leadership Program 1,2023-09-10,Promoted
UAT0372,Leadership Program 1,2024-07-10,On Going
UAT0373,Leadership Program 2,2024-03-10,On Going
UAT0374,Leadership Program 2,2025-07-10,Completed
UAT0375,Leadership Program 1,2024-05-10,Completed
UAT0376,Leadership Program 3,2023-02-10,Promoted
UAT0377,Leadership Program 2,2024-05-10,Completed
UAT0378,Leadership Program 2,2023-01-10,Promoted
UAT0379,Leadership Program 3,2024-05-10,On Going
UAT0381,Leadership Program 2,2024-06-10,Completed
UAT0382,Leadership Program 2,2023-03-10,Promoted
UAT0383,Leadership Program 2,2024-09-10,Promoted
UAT0384,Leadership Program 1,2023-06-10,Promoted
UAT0385,Leadership Program 2,2025-07-10,On Going
UAT0386,Leadership Program 2,2024-06-10,Failed
UAT0387,Leadership Program 3,2025-05-10,Completed
UAT0388,Leadership Program 2,2023-09-10,Failed
UAT0389,Leadership Program 1,2023-09-10,On Going
UAT0391,Leadership Program 1,2025-01-10,On Going
UAT0392,Leadership Program 2,2024-06-10,Completed
UAT0393,Leadership Program 3,2023-09-10,Failed
UAT0394,Leadership Program 1,2024-09-10,Promoted
UAT0395,Leadership Program 3,2024-06-10,Completed
UAT0396,Leadership Program 2,2025-06-10,Failed
UAT0397,Leadership Program 2,2024-07-10,Completed
UAT0398,Leadership Program 2,2023-02-10,On Going
UAT0399,Leadership Program 3,2023-04-10,Promoted
UAT0401,Leadership Program 2,2025-08-10,Promoted
UAT0402,Leadership Program 1,2025-04-10,Failed
UAT0403,Leadership Program 2,2025-05-10,Failed
UAT0404,Leadership Program 2,2025-01-10,Completed
UAT0405,Leadership Program 2,2024-09-10,Promoted
UAT0406,Leadership Program 1,2024-07-10,Completed
UAT0407,Leadership Program 3,2023-04-10,On Going
UAT0408,Leadership Program 2,2025-04-10,Completed
UAT0409,Leadership Program 2,2025-09-10,Completed
UAT0411,Leadership Program 2,2024-01-10,Completed
UAT0412,Leadership Program 1,2025-05-10,Promoted
UAT0413,Leadership Program 1,2023-03-10,Completed
UAT0414,Leadership Program 1,2023-03-10,Promoted
UAT0415,Leadership Program 3,2024-07-10,Completed
UAT0416,Leadership Program 2,2024-02-10,Failed
UAT0417,Leadership Program 3,2023-08-10,On Going
UAT0418,Leadership Program 3,2023-06-10,Promoted
UAT0419,Leadership Program 3,2023-04-10,Completed
UAT0421,Leadership Program 2,2024-05-10,On Going
UAT0422,Leadership Program 2,2025-02-10,On Going
UAT0423,Leadership Program 3,2025-06-10,On Going
UAT0424,Leadership Program 2,2023-03-10,On Going
UAT0425,Leadership Program 3,2023-05-10,Completed
UAT0426,Leadership Program 1,2025-03-10,Completed
UAT0427,Leadership Program 3,2023-03-10,Failed
UAT0428,Leadership Program 1,2024-07-10,Completed
UAT0429,Leadership Program 1,2023-02-10,On Going
UAT0431,Leadership Program 3,2025-07-10,On Going
UAT0432,Leadership Program 2,2023-09-10,Promoted
UAT0433,Leadership Program 2,2024-07-10,Promoted
UAT0434,Leadership Program 1,2025-05-10,Failed
UAT0435,Leadership Program 2,2024-07-10,Completed
UAT0436,Leadership Program 2,2024-06-10,Promoted
UAT0437,Leadership Program 3,2023-06-10,Completed
UAT0438,Leadership Program 3,2024-01-10,On Going
UAT0439,Leadership Program 2,2025-02-10,Promoted
UAT0441,Leadership Program 3,2023-02-10,Promoted
UAT0442,Leadership Program 1,2025-01-10,Promoted
UAT0443,Leadership Program 1,2023-02-10,Completed
UAT0444,Leadership Program 1,2025-03-10,Completed
UAT0445,Leadership Program 2,2023-04-10,Completed
UAT0446,Leadership Program 2,2023-04-10,Completed
UAT0447,Leadership Program 2,2025-01-10,Completed
UAT0448,Leadership Program 3,2025-06-10,Failed
UAT0449,Leadership Program 3,2025-06-10,Promoted
UAT0451,Leadership Program 1,2024-04-10,Promoted
UAT0452,Leadership Program 2,2025-03-10,Failed
UAT0453,Leadership Program 1,2025-03-10,Failed
UAT0454,Leadership Program 2,2024-08-10,Promoted
UAT0455,Leadership Program 3,2025-07-10,Promoted
UAT0456,Leadership Program 2,2023-09-10,Promoted
UAT0457,Leadership Program 2,2024-03-10,Failed
UAT0458,Leadership Program 2,2024-07-10,Promoted
UAT0459,Leadership Program 2,2025-03-10,On Going
UAT0461,Leadership Program 2,2023-04-10,Promoted
UAT0462,Leadership Program 2,2025-08-10,On Going
UAT0463,Leadership Program 3,2025-08-10,Failed
UAT0464,Leadership Program 1,2024-07-10,Promoted
UAT0465,Leadership Program 1,2025-06-10,On Going
UAT0466,Leadership Program 2,2025-03-10,Completed
UAT0467,Leadership Program 1,2024-06-10,On Going
UAT0468,Leadership Program 2,2024-03-10,Failed
UAT0469,Leadership Program 3,2024-09-10,Promoted
UAT0471,Leadership Program 2,2025-02-10,On Going
UAT0472,Leadership Program 3,2025-02-10,Failed
UAT0473,Leadership Program 2,2023-03-10,Promoted
UAT0474,Leadership Program 2,2023-03-10,Completed
UAT0475,Leadership Program 3,2023-07-10,Failed
UAT0476,Leadership Program 3,2025-08-10,Promoted
UAT0477,Leadership Program 2,2023-06-10,Completed
UAT0478,Leadership Program 3,2023-07-10,Promoted
UAT0479,Leadership Program 1,2025-09-10,Failed
UAT0481,Leadership Program 2,2024-05-10,Completed
UAT0482,Leadership Program 2,2024-01-10,On Going
UAT0483,Leadership Program 2,2023-01-10,Failed
UAT0484,Leadership Program 1,2025-03-10,Completed
UAT0485,Leadership Program 3,2025-04-10,Completed
UAT0486,Leadership Program 2,2025-07-10,On Going
UAT0487,Leadership Program 1,2023-05-10,Completed
UAT0488,Leadership Program 1,2023-03-10,Promoted
UAT0489,Leadership Program 2,2025-09-10,Completed
UAT0491,Leadership Program 3,2023-01-10,On Going
UAT0492,Leadership Program 2,2023-06-10,Promoted
UAT0493,Leadership Program 2,2023-05-10,Completed
UAT0494,Leadership Program 2,2024-02-10,Failed
UAT0495,Leadership Program 3,2023-03-10,Promoted
UAT0496,Leadership Program 1,2025-05-10,Completed
UAT0497,Leadership Program 3,2023-05-10,Failed
UAT0498,Leadership Program 1,2023-08-10,Completed
UAT0499,Leadership Program 2,2024-06-10,Completed